flow_duration,Header_Length,Protocol Type,Duration,Rate,Srate,Drate,fin_flag_number,syn_flag_number,rst_flag_number,psh_flag_number,ack_flag_number,ece_flag_number,cwr_flag_number,ack_count,syn_count,fin_count,urg_count,rst_count,HTTP,HTTPS,DNS,Telnet,SMTP,SSH,IRC,TCP,UDP,DHCP,ARP,ICMP,IPv,LLC,Tot sum,Min,Max,AVG,Std,Tot size,IAT,Number,Magnitue,Radius,Covariance,Variance,Weight,label,final_label
0.0,757.0,6.0,64.0,23.67185756150695,23.67185756150695,0.0,0.0,0.0,0.0,0.0,0.0,0.0,0.0,0.0,0.0,0.0,0.0,0.5,0.0,0.0,0.0,0.0,0.0,0.0,0.0,0.0,0.0,0.0,0.0,0.0,1.0,1.0,9627.0,374.0,1457.0,883.2022173904529,538.470739883507,944.0,83340575.04624039,9.5,41.84554580588544,761.4567603516936,305219.32230083307,0.95,141.55,DDoS-ACK_Fragmentation,DDoS
0.0,54.0,6.0,64.0,2.393045665190591,2.393045665190591,0.0,0.0,1.0,0.0,0.0,0.0,0.0,0.0,0.0,1.0,0.0,0.0,0.0,0.0,0.0,0.0,0.0,0.0,0.0,0.0,1.0,0.0,0.0,0.0,0.0,1.0,1.0,567.0,54.0,54.0,54.0,0.0,54.0,83093265.31007522,9.5,10.392304845413264,0.0,0.0,0.0,141.55,DDoS-SYN_Flood,DDoS
0.0339823198318481,56.78,6.11,64.64,1.19271478437119,1.19271478437119,0.0,0.0,0.0,0.0,1.0,1.0,0.0,0.0,0.0,0.0,0.0,0.99,0.99,0.0,0.0,0.0,0.0,0.0,0.0,0.0,1.0,0.0,0.0,0.0,0.0,1.0,1.0,572.51,54.0,59.51,54.753344500571664,1.7275263719350318,54.29,83330863.4283765,9.5,10.462812588467663,2.4452861688730807,16.85311781532524,0.19,141.55,DDoS-PSHACK_Flood,DDoS
0.0,0.0,47.0,64.0,9.841972006147856,9.841972006147856,0.0,0.0,0.0,0.0,0.0,0.0,0.0,0.0,0.0,0.0,0.0,0.0,0.0,0.0,0.0,0.0,0.0,0.0,0.0,0.0,0.0,0.0,0.0,0.0,0.0,1.0,1.0,6216.0,592.0,592.0,592.0,0.0,592.0,83702780.87575741,9.5,34.409301068170514,0.0,0.0,0.0,141.55,Mirai-greeth_flood,Botnet
3.944827942848205,108.0,6.0,64.0,0.506992964753742,0.506992964753742,0.0,0.0,1.0,0.0,0.0,0.0,0.0,0.0,0.0,2.0,0.0,0.0,0.0,0.0,0.0,0.0,0.0,0.0,0.0,0.0,1.0,0.0,0.0,0.0,0.0,1.0,1.0,567.0,54.0,54.0,54.0,0.0,54.0,82972700.9367235,9.5,10.392304845413264,0.0,0.0,0.0,141.55,DoS-SYN_Flood,DoS
0.0,0.0,1.0,64.0,42.55606004494745,42.55606004494745,0.0,0.0,0.0,0.0,0.0,0.0,0.0,0.0,0.0,0.0,0.0,0.0,0.0,0.0,0.0,0.0,0.0,0.0,0.0,0.0,0.0,0.0,0.0,0.0,1.0,1.0,1.0,441.0,42.0,42.0,42.0,0.0,42.0,83124696.12383524,9.5,9.16515138991168,0.0,0.0,0.0,141.55,DDoS-ICMP_Flood,DDoS
0.0,0.0,1.0,64.0,2.183256071675776,2.183256071675776,0.0,0.0,0.0,0.0,0.0,0.0,0.0,0.0,0.0,0.0,0.0,0.0,0.0,0.0,0.0,0.0,0.0,0.0,0.0,0.0,0.0,0.0,0.0,0.0,1.0,1.0,1.0,441.0,42.0,42.0,42.0,0.0,42.0,83150309.52010478,9.5,9.16515138991168,0.0,0.0,0.0,141.55,DDoS-ICMP_Flood,DDoS
0.0,54.0,6.0,64.0,1.883593891742068,1.883593891742068,0.0,0.0,0.0,0.0,0.0,0.0,0.0,0.0,0.0,0.0,0.0,0.0,0.0,0.0,0.0,0.0,0.0,0.0,0.0,0.0,1.0,0.0,0.0,0.0,0.0,1.0,1.0,567.0,54.0,54.0,54.0,0.0,54.0,83072308.27062176,9.5,10.392304845413264,0.0,0.0,0.0,141.55,DDoS-TCP_Flood,DDoS
0.0,54.0,6.0,64.0,4.711073043296595,4.711073043296595,0.0,0.0,1.0,0.0,0.0,0.0,0.0,0.0,0.0,1.0,0.0,0.0,0.0,1.0,0.0,0.0,0.0,0.0,0.0,0.0,1.0,0.0,0.0,0.0,0.0,1.0,1.0,567.0,54.0,54.0,54.0,0.0,54.0,83094381.16313949,9.5,10.392304845413264,0.0,0.0,0.0,141.55,DDoS-SYN_Flood,DDoS
0.0,0.0,1.0,64.0,4.68649100117042,4.68649100117042,0.0,0.0,0.0,0.0,0.0,0.0,0.0,0.0,0.0,0.0,0.0,0.0,0.0,0.0,0.0,0.0,0.0,0.0,0.0,0.0,0.0,0.0,0.0,0.0,1.0,1.0,1.0,441.0,42.0,42.0,42.0,0.0,42.0,83150050.05314048,9.5,9.16515138991168,0.0,0.0,0.0,141.55,DDoS-ICMP_Flood,DDoS
0.0,0.0,47.0,64.0,19.5356497438286,19.5356497438286,0.0,0.0,0.0,0.0,0.0,0.0,0.0,0.0,0.0,0.0,0.0,0.0,0.0,0.0,0.0,0.0,0.0,0.0,0.0,0.0,0.0,0.0,0.0,0.0,0.0,1.0,1.0,6216.0,592.0,592.0,592.0,0.0,592.0,83681310.37034148,9.5,34.409301068170514,0.0,0.0,0.0,141.55,Mirai-greeth_flood,Botnet
0.0172616410255432,6825.0,17.0,64.0,7841.133877009414,7841.133877009414,0.0,0.0,0.0,0.0,0.0,0.0,0.0,0.0,0.0,0.0,0.0,0.0,0.0,0.0,0.0,0.0,0.0,0.0,0.0,0.0,0.0,1.0,0.0,0.0,0.0,1.0,1.0,525.0,50.0,50.0,50.0,0.0,50.0,83102804.95770666,9.5,10.0,0.0,0.0,0.0,141.55,DDoS-UDP_Flood,DDoS
0.0104215097427368,2.22,46.12,65.18,18.98381731383425,18.98381731383425,0.0,0.0,0.0,0.0,0.0,0.0,0.0,0.0,0.0,0.03,0.0,0.0,0.02,0.0,0.0,0.0,0.0,0.0,0.0,0.0,0.0,0.0,0.0,0.0,0.0,1.0,1.0,5931.8,440.8,578.0,562.3457320171229,39.9745739132179,567.78,83646697.73679496,9.5,33.514694793615945,56.60993744369396,6339.918169339627,0.27,141.55,Mirai-greip_flood,Botnet
0.0,0.0,1.0,64.0,24.02407961623828,24.02407961623828,0.0,0.0,0.0,0.0,0.0,0.0,0.0,0.0,0.0,0.0,0.0,0.0,0.0,0.0,0.0,0.0,0.0,0.0,0.0,0.0,0.0,0.0,0.0,0.0,1.0,1.0,1.0,441.0,42.0,42.0,42.0,0.0,42.0,83149494.38635406,9.5,9.16515138991168,0.0,0.0,0.0,141.55,DDoS-ICMP_Flood,DDoS
0.0,0.0,1.0,64.0,32.98305985747695,32.98305985747695,0.0,0.0,0.0,0.0,0.0,0.0,0.0,0.0,0.0,0.0,0.0,0.0,0.0,0.0,0.0,0.0,0.0,0.0,0.0,0.0,0.0,0.0,0.0,0.0,1.0,1.0,1.0,441.0,42.0,42.0,42.0,0.0,42.0,83124651.17201142,9.5,9.16515138991168,0.0,0.0,0.0,141.55,DDoS-ICMP_Flood,DDoS
27.676333522796632,2232967.2,6.0,114.4,79.11091069107246,79.11091069107246,0.0,0.0,0.0,0.0,0.0,1.0,0.0,0.0,0.0,2.0,0.0,77.0,2188.5,0.0,1.0,0.0,0.0,0.0,0.0,0.0,1.0,0.0,0.0,0.0,0.0,1.0,1.0,11828.2,66.0,1514.0,756.7867393210505,714.7769400342004,1079.6,166526165.47123653,13.5,38.78830792161189,1011.2177346233092,511297.95404390746,1.0,244.6,BenignTraffic,Benign
0.1411197304725647,204536.8,17.0,64.0,2658.0925400246606,2658.0925400246606,0.0,0.0,0.0,0.0,0.0,0.0,0.0,0.0,0.0,0.0,0.0,0.0,0.0,0.0,0.0,0.0,0.0,0.0,0.0,0.0,0.0,1.0,0.0,0.0,0.0,1.0,1.0,5817.0,554.0,554.0,554.0,0.0,554.0,83784867.7812493,9.5,33.28663395418648,0.0,0.0,0.0,141.55,Mirai-udpplain,Botnet
0.0,54.0,6.0,64.0,2.490829547255622,2.490829547255622,0.0,0.0,0.0,0.0,0.0,0.0,0.0,0.0,0.0,0.0,0.0,0.0,0.0,0.0,0.0,0.0,0.0,0.0,0.0,0.0,1.0,0.0,0.0,0.0,0.0,1.0,1.0,567.0,54.0,54.0,54.0,0.0,54.0,82943157.62128834,9.5,10.392304845413264,0.0,0.0,0.0,141.55,DoS-TCP_Flood,DoS
4.324664800167084,108.0,6.0,64.0,0.4624636177775186,0.4624636177775186,0.0,0.0,1.0,0.0,0.0,0.0,0.0,0.0,0.0,2.0,0.0,0.0,0.0,0.0,0.0,0.0,0.0,0.0,0.0,0.0,1.0,0.0,0.0,0.0,0.0,1.0,1.0,567.0,54.0,54.0,54.0,0.0,54.0,82985264.49161588,9.5,10.392304845413264,0.0,0.0,0.0,141.55,DoS-SYN_Flood,DoS
4.216643548011779,146.88,6.0,64.0,0.7541742735890541,0.7541742735890541,0.0,0.0,1.0,0.0,0.0,0.0,0.0,0.0,0.0,2.72,0.0,0.0,0.0,0.0,0.0,0.0,0.0,0.0,0.0,0.0,1.0,0.0,0.0,0.0,0.0,1.0,1.0,567.0,54.0,54.0,54.0,0.0,54.0,83361859.41911429,9.5,10.392304845413264,0.0,0.0,0.0,141.55,DDoS-SynonymousIP_Flood,DDoS
0.0,54.0,6.0,64.0,2.5994494698133384,2.5994494698133384,0.0,0.0,0.0,0.0,0.0,0.0,0.0,0.0,0.0,0.0,0.0,0.0,0.0,0.0,0.0,0.0,0.0,0.0,0.0,0.0,1.0,0.0,0.0,0.0,0.0,1.0,1.0,567.0,54.0,54.0,54.0,0.0,54.0,82943409.34689793,9.5,10.392304845413264,0.0,0.0,0.0,141.55,DoS-TCP_Flood,DoS
0.0,0.0,1.0,64.0,36.40067345911514,36.40067345911514,0.0,0.0,0.0,0.0,0.0,0.0,0.0,0.0,0.0,0.0,0.0,0.0,0.0,0.0,0.0,0.0,0.0,0.0,0.0,0.0,0.0,0.0,0.0,0.0,1.0,1.0,1.0,441.0,42.0,42.0,42.0,0.0,42.0,83124015.16624384,9.5,9.16515138991168,0.0,0.0,0.0,141.55,DDoS-ICMP_Flood,DDoS
0.0,0.0,1.0,64.0,3.619528851008012,3.619528851008012,0.0,0.0,0.0,0.0,0.0,0.0,0.0,0.0,0.0,0.0,0.0,0.0,0.0,0.0,0.0,0.0,0.0,0.0,0.0,0.0,0.0,0.0,0.0,0.0,1.0,1.0,1.0,441.0,42.0,42.0,42.0,0.0,42.0,83124766.91782224,9.5,9.16515138991168,0.0,0.0,0.0,141.55,DDoS-ICMP_Flood,DDoS
0.0,3.37,45.93,65.27,58.15648701487778,58.15648701487778,0.0,0.0,0.0,0.0,0.0,0.0,0.0,0.0,0.0,0.0,0.0,0.0,0.0,0.0,0.0,0.0,0.0,0.0,0.0,0.0,0.0,0.0,0.0,0.0,0.0,1.0,1.0,6007.45,506.88,592.0,573.4136701279887,32.022191179617764,578.21,83677421.39653206,9.5,33.834448984879174,45.33644500721136,6500.996039650417,0.16,141.55,Mirai-greeth_flood,Botnet
0.0436520028114318,22.96,46.18,65.71,4.179279438910806,4.179279438910806,0.0,0.0,0.0,0.0,0.0,0.0,0.0,0.0,0.0,0.0,0.0,0.13,0.19,0.0,0.0,0.0,0.0,0.0,0.0,0.0,0.0,0.0,0.0,0.0,0.0,1.0,1.0,5931.36,440.36,573.83,559.0203566651358,38.84923088320132,569.31,83585997.892237,9.5,33.386155263934235,55.00688184481275,5146.646388760282,0.31,141.55,Mirai-greip_flood,Botnet
0.0,180.18,16.84,64.0,3.0579696232592983,3.0579696232592983,0.0,0.0,0.0,0.0,0.0,0.0,0.0,0.0,0.0,0.0,0.0,0.0,0.0,0.0,0.0,0.0,0.0,0.0,0.0,0.0,0.0,1.0,0.0,0.0,0.0,1.0,1.0,1914.08,182.0,185.08,182.21525599288915,0.779793439593173,182.28,83007285.1157719,9.5,19.09007333122473,1.1049137147122434,5.603541108386753,0.11,141.55,DoS-UDP_Flood,DoS
0.0,0.0,1.0,64.0,7.914333642159927,7.914333642159927,0.0,0.0,0.0,0.0,0.0,0.0,0.0,0.0,0.0,0.0,0.0,0.0,0.0,0.0,0.0,0.0,0.0,0.0,0.0,0.0,0.0,0.0,0.0,0.0,1.0,1.0,1.0,441.0,42.0,42.0,42.0,0.0,42.0,83149382.86795871,9.5,9.16515138991168,0.0,0.0,0.0,141.55,DDoS-ICMP_Flood,DDoS
0.0,54.0,6.0,64.0,0.4000815366977618,0.4000815366977618,0.0,1.0,0.0,1.0,0.0,0.0,0.0,0.0,1.0,0.0,1.0,0.0,0.0,0.0,0.0,0.0,0.0,0.0,0.0,0.0,1.0,0.0,0.0,0.0,0.0,1.0,1.0,567.0,54.0,54.0,54.0,0.0,54.0,83344781.97808899,9.5,10.392304845413264,0.0,0.0,0.0,141.55,DDoS-RSTFINFlood,DDoS
0.0,54.0,6.0,64.0,22.30977165258001,22.30977165258001,0.0,0.0,0.0,0.0,1.0,1.0,0.0,0.0,0.0,0.0,0.0,1.0,1.0,0.0,0.0,0.0,0.0,0.0,0.0,0.0,1.0,0.0,0.0,0.0,0.0,1.0,1.0,567.0,54.0,54.0,54.0,0.0,54.0,83331329.11084214,9.5,10.392304845413264,0.0,0.0,0.0,141.55,DDoS-PSHACK_Flood,DDoS
0.0,53.46,5.95,64.54,2.5282659305814605,2.5282659305814605,0.0,1.0,0.0,1.0,0.0,0.0,0.0,0.0,0.99,0.0,0.99,0.0,0.0,0.0,0.0,0.0,0.0,0.0,0.0,0.0,1.0,0.0,0.0,0.0,0.0,1.0,1.0,571.4,54.0,58.4,54.29425941739719,1.0933896907892715,54.44,83349157.07010482,9.5,10.420340283362169,1.549616790028848,12.094915798261168,0.1,141.55,DDoS-RSTFINFlood,DDoS
0.0,54.0,6.0,64.0,64.15172603661613,64.15172603661613,0.0,0.0,0.0,0.0,1.0,1.0,0.0,0.0,0.0,0.0,0.0,1.0,1.0,0.0,0.0,0.0,0.0,0.0,0.0,0.0,1.0,0.0,0.0,0.0,0.0,1.0,1.0,567.0,54.0,54.0,54.0,0.0,54.0,83331820.59807196,9.5,10.392304845413264,0.0,0.0,0.0,141.55,DDoS-PSHACK_Flood,DDoS
93.67247838974,7747.4,14.8,110.9,3.809834786372497,3.809834786372497,0.0,0.0,0.0,0.0,0.0,0.0,0.0,0.0,0.0,0.1,0.0,31.1,51.1,0.0,0.0,0.0,0.0,0.0,0.0,0.0,0.0,1.0,0.0,0.0,0.0,1.0,1.0,616.5,54.8,219.0,111.29626984126983,61.82056613765494,128.6,0.021730089187622,5.5,14.862898884457652,87.42748306545452,4315.674469324767,0.9,38.5,Recon-HostDiscovery,Recon / Port Scan
0.0,54.0,6.0,64.0,1.2651550456692695,1.2651550456692695,0.0,0.0,0.0,0.0,1.0,1.0,0.0,0.0,0.0,0.0,0.0,1.0,1.0,0.0,0.0,0.0,0.0,0.0,0.0,0.0,1.0,0.0,0.0,0.0,0.0,1.0,1.0,567.0,54.0,54.0,54.0,0.0,54.0,83331700.52550194,9.5,10.392304845413264,0.0,0.0,0.0,141.55,DDoS-PSHACK_Flood,DDoS
0.0,0.0,47.0,64.0,45.79509436228348,45.79509436228348,0.0,0.0,0.0,0.0,0.0,0.0,0.0,0.0,0.0,0.0,0.0,0.0,0.0,0.0,0.0,0.0,0.0,0.0,0.0,0.0,0.0,0.0,0.0,0.0,0.0,1.0,1.0,6216.0,592.0,592.0,592.0,0.0,592.0,83681558.8505172,9.5,34.409301068170514,0.0,0.0,0.0,141.55,Mirai-greeth_flood,Botnet
0.0,0.0,47.0,64.0,17.55555927606355,17.55555927606355,0.0,0.0,0.0,0.0,0.0,0.0,0.0,0.0,0.0,0.0,0.0,0.0,0.0,0.0,0.0,0.0,0.0,0.0,0.0,0.0,0.0,0.0,0.0,0.0,0.0,1.0,1.0,6216.0,592.0,592.0,592.0,0.0,592.0,83694018.070255,9.5,34.409301068170514,0.0,0.0,0.0,141.55,Mirai-greeth_flood,Botnet
0.0,0.0,1.0,64.0,0.0,0.0,0.0,0.0,0.0,0.0,0.0,0.0,0.0,0.0,0.0,0.0,0.0,0.0,0.0,0.0,0.0,0.0,0.0,0.0,0.0,0.0,0.0,0.0,0.0,0.0,1.0,1.0,1.0,441.0,42.0,42.0,42.0,0.0,42.0,83129001.14803946,9.5,9.16515138991168,0.0,0.0,0.0,141.55,DDoS-ICMP_Flood,DDoS
0.1615859150886535,58.86,6.0,64.0,1.1219481530880102,1.1219481530880102,0.0,0.0,1.0,0.0,0.0,0.0,0.0,0.0,0.0,1.09,0.0,0.0,0.0,0.0,0.0,0.0,0.0,0.0,0.0,0.0,1.0,0.0,0.0,0.0,0.0,1.0,1.0,567.0,54.0,54.0,54.0,0.0,54.0,83365580.85407707,9.5,10.392304845413264,0.0,0.0,0.0,141.55,DDoS-SynonymousIP_Flood,DDoS
0.0,54.0,6.0,64.0,0.0,0.0,0.0,0.0,1.0,0.0,0.0,0.0,0.0,0.0,0.0,1.0,0.0,0.0,0.0,0.0,0.0,0.0,0.0,0.0,0.0,0.0,1.0,0.0,0.0,0.0,0.0,1.0,1.0,567.0,54.0,54.0,54.0,0.0,54.0,83362129.79447463,9.5,10.392304845413264,0.0,0.0,0.0,141.55,DDoS-SynonymousIP_Flood,DDoS
0.1721051263809204,22849.0,17.0,64.0,5046.926929729405,5046.926929729405,0.0,0.0,0.0,0.0,0.0,0.0,0.0,0.0,0.0,0.0,0.0,0.0,0.0,0.0,0.0,0.0,0.0,0.0,0.0,0.0,0.0,1.0,0.0,0.0,0.0,1.0,1.0,525.0,50.0,50.0,50.0,0.0,50.0,83015816.97317311,9.5,10.0,0.0,0.0,0.0,141.55,DoS-UDP_Flood,DoS
0.0,54.61,6.11,64.64,45.66322275810264,45.66322275810264,0.0,0.0,1.0,0.0,0.0,0.0,0.0,0.0,0.0,0.99,0.0,0.0,0.0,0.0,0.0,0.0,0.0,0.0,0.0,0.0,1.0,0.0,0.0,0.0,0.0,1.0,1.0,578.59,54.0,65.59,55.58462119085765,3.633762368552998,54.61,83093351.3439567,9.5,10.536528631144158,5.143532975905446,74.56652959670062,0.19,141.55,DDoS-SYN_Flood,DDoS
0.0,54.0,6.0,64.0,26.746573224118627,26.746573224118627,0.0,0.0,0.0,0.0,1.0,1.0,0.0,0.0,0.0,0.0,0.0,1.0,1.0,0.0,0.0,0.0,0.0,0.0,0.0,0.0,1.0,0.0,0.0,0.0,0.0,1.0,1.0,567.0,54.0,54.0,54.0,0.0,54.0,83331867.49582557,9.5,10.392304845413264,0.0,0.0,0.0,141.55,DDoS-PSHACK_Flood,DDoS
0.0038424515724182,59.94,6.0,64.0,57.59221097745676,57.59221097745676,0.0,0.0,0.0,0.0,1.0,1.0,0.0,0.0,0.0,0.0,0.11,1.0,1.0,1.0,0.0,0.0,0.0,0.0,0.0,0.0,1.0,0.0,0.0,0.0,0.0,1.0,1.0,567.0,54.0,54.0,54.0,0.0,54.0,83314870.7473372,9.5,10.392304845413264,0.0,0.0,0.0,141.55,DDoS-PSHACK_Flood,DDoS
1.2702660751342774,1286665.0,17.0,64.0,1828.3153646602807,1828.3153646602807,0.0,0.0,0.0,0.0,0.0,0.0,0.0,0.0,0.0,0.0,0.0,0.0,0.0,0.0,0.0,0.0,0.0,0.0,0.0,0.0,0.0,1.0,0.0,0.0,0.0,1.0,1.0,5817.0,554.0,554.0,554.0,0.0,554.0,83784631.33763301,9.5,33.28663395418648,0.0,0.0,0.0,141.55,Mirai-udpplain,Botnet
0.0,54.0,6.0,69.73,170.28211842559315,170.28211842559315,0.0,0.0,0.0,0.0,1.0,1.0,0.0,0.0,0.0,0.0,0.03,0.97,1.0,0.0,0.0,0.0,0.0,0.0,0.0,0.0,1.0,0.0,0.0,0.0,0.0,1.0,1.0,567.0,54.0,54.0,54.0,0.0,54.0,83314690.54642151,9.5,10.392304845413264,0.0,0.0,0.0,141.55,DDoS-PSHACK_Flood,DDoS
0.0,54.0,6.0,64.0,0.0,0.0,0.0,0.0,0.0,0.0,1.0,1.0,0.0,0.0,0.0,0.0,0.0,1.0,1.0,0.0,0.0,0.0,0.0,0.0,0.0,0.0,1.0,0.0,0.0,0.0,0.0,1.0,1.0,567.0,54.0,54.0,54.0,0.0,54.0,83330871.42392834,9.5,10.392304845413264,0.0,0.0,0.0,141.55,DDoS-PSHACK_Flood,DDoS
0.0,0.0,1.0,64.0,111.51504838881206,111.51504838881206,0.0,0.0,0.0,0.0,0.0,0.0,0.0,0.0,0.0,0.0,0.0,0.0,0.0,0.0,0.0,0.0,0.0,0.0,0.0,0.0,0.0,0.0,0.0,0.0,1.0,1.0,1.0,441.0,42.0,42.0,42.0,0.0,42.0,83149400.08894497,9.5,9.16515138991168,0.0,0.0,0.0,141.55,DDoS-ICMP_Flood,DDoS
0.0460091996192932,23775.0,17.0,64.0,10327.0473780796,10327.0473780796,0.0,0.0,0.0,0.0,0.0,0.0,0.0,0.0,0.0,0.0,0.0,0.0,0.0,0.0,0.0,0.0,0.0,0.0,0.0,0.0,0.0,1.0,0.0,0.0,0.0,1.0,1.0,525.0,50.0,50.0,50.0,0.0,50.0,83103098.78761482,9.5,10.0,0.0,0.0,0.0,141.55,DDoS-UDP_Flood,DDoS
0.4944249153137207,28347.2,6.0,64.0,60.15897373924961,60.15897373924961,0.0,0.0,0.0,0.0,0.0,1.0,0.0,0.0,0.0,0.0,0.0,1.9,30.8,0.0,1.0,0.0,0.0,0.0,0.0,0.0,1.0,0.0,0.0,0.0,0.0,1.0,1.0,7313.4,500.4,1514.0,1355.3520634920635,362.0878065266189,1369.2,0.00224289894104,5.5,52.01329416895076,512.0694867598697,190166.50307382207,0.7,38.5,BenignTraffic,Benign
0.0658322668075561,35838.0,16.83,63.36,11089.028150247786,11089.028150247786,0.0,0.0,0.0,0.0,0.0,0.0,0.0,0.0,0.0,0.0,0.0,0.0,0.0,0.0,0.0,0.0,0.0,0.0,0.0,0.0,0.0,1.0,0.0,0.0,0.0,1.0,1.0,525.6,50.0,50.6,50.03461773305814,0.1397102651661847,50.1,83103001.32497188,9.5,10.00347793025761,0.198337029154336,0.32837142151375,0.06,141.55,DDoS-UDP_Flood,DDoS
0.1348857474327087,986.95,16.78,64.59,10.866609239138947,10.866609239138947,0.0,0.0,0.0,0.0,0.0,0.0,0.0,0.0,0.0,0.0,0.0,0.25,1.17,0.0,0.0,0.0,0.0,0.0,0.0,0.0,0.0,1.0,0.0,0.0,0.0,1.0,1.0,631.82,42.0,229.7,56.76586337372637,49.47845825821377,56.66,83007561.20342012,9.5,10.258582007181523,70.08194613409044,19137.428357573204,0.14,141.55,DoS-UDP_Flood,DoS
0.0507240843772888,38907.0,16.84,65.91,15352.646971762946,15352.646971762946,0.0,0.0,0.0,0.0,0.0,0.0,0.0,0.0,0.0,0.0,0.0,0.0,0.0,0.0,0.0,0.0,0.0,0.0,0.0,0.0,0.0,1.0,0.0,0.0,0.0,1.0,1.0,525.4,50.0,50.4,50.02052631578948,0.0882483650892939,50.2,83028485.75937782,9.5,10.002094297948156,0.1263157894736842,0.3988919667590028,0.02,141.55,DoS-UDP_Flood,DoS
0.7925723218917846,450056.12,16.55,64.46,439.7325247607623,439.7325247607623,0.0,0.0,0.0,0.0,0.0,0.0,0.0,0.0,0.0,0.0,0.0,0.04,0.06,0.0,0.0,0.0,0.0,0.0,0.0,0.0,0.0,0.0,0.0,0.0,0.0,1.0,1.0,9430.1,272.82,1465.15,875.0181251367738,556.3985080975283,917.67,83374147.46657942,9.5,41.58260236179154,786.7641077698484,326300.1967634892,0.95,141.55,DDoS-UDP_Fragmentation,DDoS
0.000659430027008,55.43,6.05,65.91,34.81514859133874,34.81514859133874,0.0,0.0,0.0,0.0,1.0,1.0,0.0,0.0,0.0,0.0,0.01,0.97,0.98,0.0,0.0,0.0,0.0,0.0,0.0,0.0,1.0,0.0,0.0,0.0,0.0,1.0,1.0,590.66,55.18,77.66,58.24833279542954,7.042321934359372,55.24,83314067.87685409,9.5,10.741116959664144,9.949785100931846,279.02831445967735,0.19,141.55,DDoS-PSHACK_Flood,DDoS
0.0,0.0,1.0,64.0,2.1551051111356405,2.1551051111356405,0.0,0.0,0.0,0.0,0.0,0.0,0.0,0.0,0.0,0.0,0.0,0.0,0.0,0.0,0.0,0.0,0.0,0.0,0.0,0.0,0.0,0.0,0.0,0.0,1.0,1.0,1.0,441.0,42.0,42.0,42.0,0.0,42.0,83150639.40256777,9.5,9.16515138991168,0.0,0.0,0.0,141.55,DDoS-ICMP_Flood,DDoS
9.5367431640625e-09,180.0,16.78,63.62,922767.133305246,922767.133305246,0.0,0.0,0.0,0.0,0.0,0.0,0.0,0.0,0.0,0.0,0.0,0.01,0.03,0.0,0.0,0.0,0.0,0.0,0.0,0.0,0.0,1.0,0.0,0.0,0.0,1.0,1.0,1899.56,175.6,182.0,181.36879291365668,1.888950153311303,179.46,83006956.60997838,9.5,19.04471818074904,2.683758216721748,72.65867180733693,0.05,141.55,DoS-UDP_Flood,DoS
7.678194010257721,108.0,6.0,64.0,0.2604779961317715,0.2604779961317715,0.0,0.0,1.0,0.0,0.0,0.0,0.0,0.0,0.0,2.0,0.0,0.0,0.0,0.0,0.0,0.0,0.0,0.0,0.0,0.0,1.0,0.0,0.0,0.0,0.0,1.0,1.0,567.0,54.0,54.0,54.0,0.0,54.0,82985452.90456076,9.5,10.392304845413264,0.0,0.0,0.0,141.55,DoS-SYN_Flood,DoS
0.072116687297821,33705.0,17.0,64.0,12388.86186622405,12388.86186622405,0.0,0.0,0.0,0.0,0.0,0.0,0.0,0.0,0.0,0.0,0.0,0.0,0.0,0.0,0.0,0.0,0.0,0.0,0.0,0.0,0.0,1.0,0.0,0.0,0.0,1.0,1.0,525.0,50.0,50.0,50.0,0.0,50.0,83106623.86235328,9.5,10.0,0.0,0.0,0.0,141.55,DDoS-UDP_Flood,DDoS
0.0,54.0,6.0,64.0,5.693019972989298,5.693019972989298,0.0,1.0,0.0,1.0,0.0,0.0,0.0,0.0,1.0,0.0,1.0,0.0,0.0,0.0,0.0,0.0,0.0,0.0,0.0,0.0,1.0,0.0,0.0,0.0,0.0,1.0,1.0,567.0,54.0,54.0,54.0,0.0,54.0,83348611.0037659,9.5,10.392304845413264,0.0,0.0,0.0,141.55,DDoS-RSTFINFlood,DDoS
0.0,54.0,6.0,64.0,1.6004558182960285,1.6004558182960285,0.0,0.0,0.0,0.0,1.0,1.0,0.0,0.0,0.0,0.0,0.0,1.0,1.0,0.0,0.0,0.0,0.0,0.0,0.0,0.0,1.0,0.0,0.0,0.0,0.0,1.0,1.0,567.0,54.0,54.0,54.0,0.0,54.0,83330966.61489427,9.5,10.392304845413264,0.0,0.0,0.0,141.55,DDoS-PSHACK_Flood,DDoS
0.0,0.0,1.0,64.0,838.1902478017583,838.1902478017583,0.0,0.0,0.0,0.0,0.0,0.0,0.0,0.0,0.0,0.0,0.0,0.0,0.0,0.0,0.0,0.0,0.0,0.0,0.0,0.0,0.0,0.0,0.0,0.0,1.0,1.0,1.0,441.0,42.0,42.0,42.0,0.0,42.0,83128865.3745229,9.5,9.16515138991168,0.0,0.0,0.0,141.55,DDoS-ICMP_Flood,DDoS
0.0,54.0,6.0,64.0,1.321221231500621,1.321221231500621,0.0,0.0,0.0,0.0,0.0,0.0,0.0,0.0,0.0,0.0,0.0,0.0,0.0,0.0,0.0,0.0,0.0,0.0,0.0,0.0,1.0,0.0,0.0,0.0,0.0,1.0,1.0,567.0,54.0,54.0,54.0,0.0,54.0,83067376.24105537,9.5,10.392304845413264,0.0,0.0,0.0,141.55,DDoS-TCP_Flood,DDoS
0.0,54.0,6.0,64.0,64.13750181587419,64.13750181587419,0.0,0.0,1.0,0.0,0.0,0.0,0.0,0.0,0.0,1.0,0.0,0.0,0.0,0.0,0.0,0.0,0.0,0.0,0.0,0.0,1.0,0.0,0.0,0.0,0.0,1.0,1.0,567.0,54.0,54.0,54.0,0.0,54.0,83089933.02840255,9.5,10.392304845413264,0.0,0.0,0.0,141.55,DDoS-SYN_Flood,DDoS
0.0,0.0,1.0,64.0,1.1980911911545349,1.1980911911545349,0.0,0.0,0.0,0.0,0.0,0.0,0.0,0.0,0.0,0.0,0.0,0.0,0.0,0.0,0.0,0.0,0.0,0.0,0.0,0.0,0.0,0.0,0.0,0.0,1.0,1.0,1.0,441.0,42.0,42.0,42.0,0.0,42.0,83483202.40528746,9.5,9.16515138991168,0.0,0.0,0.0,141.55,DDoS-ICMP_Flood,DDoS
0.0344805002212524,5.74,1.05,65.74,1.0122783364621404,1.0122783364621404,0.0,0.0,0.0,0.0,0.0,0.0,0.0,0.0,0.0,0.0,0.0,0.04,0.04,0.0,0.0,0.0,0.0,0.0,0.0,0.0,0.0,0.0,0.0,0.0,1.0,1.0,1.0,9745.04,373.24,1479.44,923.1168029794422,544.7509229090685,924.12,83253634.87993869,9.5,42.82730851804568,770.3953369188209,312438.82005752303,0.95,141.55,DDoS-ICMP_Fragmentation,DDoS
0.1494860005378723,7275.0,17.0,64.0,971.6394519560548,971.6394519560548,0.0,0.0,0.0,0.0,0.0,0.0,0.0,0.0,0.0,0.0,0.0,0.0,0.0,0.0,0.0,0.0,0.0,0.0,0.0,0.0,0.0,1.0,0.0,0.0,0.0,1.0,1.0,525.0,50.0,50.0,50.0,0.0,50.0,83123610.26538357,9.5,10.0,0.0,0.0,0.0,141.55,DDoS-UDP_Flood,DDoS
0.0,54.0,6.0,64.0,19.87471403145986,19.87471403145986,0.0,0.0,0.0,0.0,0.0,0.0,0.0,0.0,0.0,0.0,0.0,0.0,0.0,0.0,0.0,0.0,0.0,0.0,0.0,0.0,1.0,0.0,0.0,0.0,0.0,1.0,1.0,567.0,54.0,54.0,54.0,0.0,54.0,83064244.83832856,9.5,10.392304845413264,0.0,0.0,0.0,141.55,DDoS-TCP_Flood,DDoS
0.0,0.0,1.0,64.0,2.89641008831546,2.89641008831546,0.0,0.0,0.0,0.0,0.0,0.0,0.0,0.0,0.0,0.0,0.0,0.0,0.0,0.0,0.0,0.0,0.0,0.0,0.0,0.0,0.0,0.0,0.0,0.0,1.0,1.0,1.0,441.0,42.0,42.0,42.0,0.0,42.0,83483262.5022278,9.5,9.16515138991168,0.0,0.0,0.0,141.55,DDoS-ICMP_Flood,DDoS
0.0,0.0,1.0,64.0,399457.5238095237,399457.5238095237,0.0,0.0,0.0,0.0,0.0,0.0,0.0,0.0,0.0,0.0,0.0,0.0,0.0,0.0,0.0,0.0,0.0,0.0,0.0,0.0,0.0,0.0,0.0,0.0,1.0,1.0,1.0,441.0,42.0,42.0,42.0,0.0,42.0,83483268.69845204,9.5,9.16515138991168,0.0,0.0,0.0,141.55,DDoS-ICMP_Flood,DDoS
0.0260498046875,14701.0,17.0,64.0,11696.16688589954,11696.16688589954,0.0,0.0,0.0,0.0,0.0,0.0,0.0,0.0,0.0,0.0,0.0,0.0,0.0,0.0,0.0,0.0,0.0,0.0,0.0,0.0,0.0,1.0,0.0,0.0,0.0,1.0,1.0,525.0,50.0,50.0,50.0,0.0,50.0,83495231.23936678,9.5,10.0,0.0,0.0,0.0,141.55,DDoS-UDP_Flood,DDoS
0.0,54.0,6.0,64.0,2.8822407557144727,2.8822407557144727,0.0,0.0,0.0,0.0,1.0,1.0,0.0,0.0,0.0,0.0,0.0,1.0,1.0,0.0,0.0,0.0,0.0,0.0,0.0,0.0,1.0,0.0,0.0,0.0,0.0,1.0,1.0,567.0,54.0,54.0,54.0,0.0,54.0,83318152.82208657,9.5,10.392304845413264,0.0,0.0,0.0,141.55,DDoS-PSHACK_Flood,DDoS
0.0369307422637939,33675.0,17.0,64.0,18229.17931190376,18229.17931190376,0.0,0.0,0.0,0.0,0.0,0.0,0.0,0.0,0.0,0.0,0.0,0.0,0.0,0.0,0.0,0.0,0.0,0.0,0.0,0.0,0.0,1.0,0.0,0.0,0.0,1.0,1.0,525.0,50.0,50.0,50.0,0.0,50.0,83016020.44491772,9.5,10.0,0.0,0.0,0.0,141.55,DoS-UDP_Flood,DoS
0.0,54.0,6.0,64.0,3.1299828448690885,3.1299828448690885,0.0,1.0,0.0,1.0,0.0,0.0,0.0,0.0,1.0,0.0,1.0,0.0,0.0,0.0,0.0,0.0,0.0,0.0,0.0,0.0,1.0,0.0,0.0,0.0,0.0,1.0,1.0,567.0,54.0,54.0,54.0,0.0,54.0,83343791.67878956,9.5,10.392304845413264,0.0,0.0,0.0,141.55,DDoS-RSTFINFlood,DDoS
0.0,54.0,6.0,64.0,4.186938338075657,4.186938338075657,0.0,0.0,1.0,0.0,0.0,0.0,0.0,0.0,0.0,1.0,0.0,0.0,0.0,0.0,0.0,0.0,0.0,0.0,0.0,0.0,1.0,0.0,0.0,0.0,0.0,1.0,1.0,567.0,54.0,54.0,54.0,0.0,54.0,83089294.05865087,9.5,10.392304845413264,0.0,0.0,0.0,141.55,DDoS-SYN_Flood,DDoS
2.3300781273841857,174.42,6.0,64.0,2.082823304973057,2.082823304973057,0.0,0.0,1.0,0.0,0.0,0.0,0.0,0.0,0.0,3.23,0.0,0.0,0.0,1.0,0.0,0.0,0.0,0.0,0.0,0.0,1.0,0.0,0.0,0.0,0.0,1.0,1.0,567.0,54.0,54.0,54.0,0.0,54.0,83362295.14242992,9.5,10.392304845413264,0.0,0.0,0.0,141.55,DDoS-SynonymousIP_Flood,DDoS
0.0,54.0,6.0,64.0,2.0744520491457163,2.0744520491457163,0.0,0.0,1.0,0.0,0.0,0.0,0.0,0.0,0.0,1.0,0.0,0.0,0.0,0.0,0.0,0.0,0.0,0.0,0.0,0.0,1.0,0.0,0.0,0.0,0.0,1.0,1.0,567.0,54.0,54.0,54.0,0.0,54.0,82977515.57369854,9.5,10.392304845413264,0.0,0.0,0.0,141.55,DoS-SYN_Flood,DoS
0.9882623839378356,1392362.66,17.0,64.0,2500.038074501296,2500.038074501296,0.0,0.0,0.0,0.0,0.0,0.0,0.0,0.0,0.0,0.0,0.0,0.0,0.0,0.0,0.0,0.0,0.0,0.0,0.0,0.0,0.0,1.0,0.0,0.0,0.0,1.0,1.0,5817.0,554.0,554.0,554.0,0.0,554.0,83759077.28811017,9.5,33.28663395418648,0.0,0.0,0.0,141.55,Mirai-udpplain,Botnet
0.0,0.0,1.0,64.0,1.5744572917370894,1.5744572917370894,0.0,0.0,0.0,0.0,0.0,0.0,0.0,0.0,0.0,0.0,0.0,0.0,0.0,0.0,0.0,0.0,0.0,0.0,0.0,0.0,0.0,0.0,0.0,0.0,1.0,1.0,1.0,441.0,42.0,42.0,42.0,0.0,42.0,83132131.60367778,9.5,9.16515138991168,0.0,0.0,0.0,141.55,DDoS-ICMP_Flood,DDoS
3.8515621185302735,130.14,5.94,63.36,0.6201005986113924,0.6201005986113924,0.0,0.0,1.0,0.0,0.0,0.0,0.0,0.0,0.0,2.41,0.0,0.0,0.0,0.0,1.0,0.0,0.0,0.0,0.0,0.0,1.0,0.0,0.0,0.0,0.0,1.0,1.0,568.08,54.0,55.08,54.12586437942862,0.3274192493658687,54.06,83362384.352019,9.5,10.40437644929932,0.4634948694473756,0.6314176472671922,0.18,141.55,DDoS-SynonymousIP_Flood,DDoS
1.7931237077713014,108.0,6.0,64.0,8.187699525857479,8.187699525857479,0.0,0.0,1.0,0.0,0.0,0.0,0.0,0.0,0.0,2.0,0.0,0.0,0.0,0.0,0.0,0.0,0.0,0.0,0.0,0.0,1.0,0.0,0.0,0.0,0.0,1.0,1.0,567.0,54.0,54.0,54.0,0.0,54.0,83362445.90421352,9.5,10.392304845413264,0.0,0.0,0.0,141.55,DDoS-SynonymousIP_Flood,DDoS
3.360096080303192,108.0,6.0,64.0,0.5952213733390269,0.5952213733390269,0.0,0.0,1.0,0.0,0.0,0.0,0.0,0.0,0.0,2.0,0.0,0.0,0.0,0.0,0.0,0.0,0.0,0.0,0.0,0.0,1.0,0.0,0.0,0.0,0.0,1.0,1.0,567.0,54.0,54.0,54.0,0.0,54.0,83361031.83920185,9.5,10.392304845413264,0.0,0.0,0.0,141.55,DDoS-SynonymousIP_Flood,DDoS
0.0,54.0,6.0,64.0,1.631328361483009,1.631328361483009,0.0,0.0,0.0,0.0,0.0,0.0,0.0,0.0,0.0,0.0,0.0,0.0,0.0,0.0,0.0,0.0,0.0,0.0,0.0,0.0,1.0,0.0,0.0,0.0,0.0,1.0,1.0,567.0,54.0,54.0,54.0,0.0,54.0,82946582.5080299,9.5,10.392304845413264,0.0,0.0,0.0,141.55,DoS-TCP_Flood,DoS
0.0,54.0,6.0,64.0,29.77830473337072,29.77830473337072,0.0,1.0,0.0,1.0,0.0,0.0,0.0,0.0,1.0,0.0,1.0,0.0,0.0,0.0,0.0,0.0,0.0,0.0,0.0,0.0,1.0,0.0,0.0,0.0,0.0,1.0,1.0,567.0,54.0,54.0,54.0,0.0,54.0,83344108.05196716,9.5,10.392304845413264,0.0,0.0,0.0,141.55,DDoS-RSTFINFlood,DDoS
0.4744472169876099,36166.7,16.61,63.95,3196.396133448236,3196.396133448236,0.0,0.0,0.0,0.0,0.0,0.0,0.0,0.0,0.0,0.0,0.0,0.04,0.07,0.0,0.0,0.0,0.0,0.0,0.0,0.0,0.0,1.0,0.0,0.0,0.0,1.0,1.0,532.87,50.0,57.87,50.658492912187576,2.134701563770592,50.69,83098703.91896154,9.5,10.06482448941474,3.0241463568431004,22.86617629491732,0.28,141.55,DDoS-UDP_Flood,DDoS
0.0,54.0,6.0,64.0,2.260251361540179,2.260251361540179,0.0,0.0,0.0,0.0,0.0,0.0,0.0,0.0,0.0,0.0,0.0,0.0,0.0,0.0,0.0,0.0,0.0,0.0,0.0,0.0,1.0,0.0,0.0,0.0,0.0,1.0,1.0,567.0,54.0,54.0,54.0,0.0,54.0,82955894.86789718,9.5,10.392304845413264,0.0,0.0,0.0,141.55,DoS-TCP_Flood,DoS
2.118722400665283,105.15,6.11,64.0,2.6538684456342128,2.6538684456342128,0.0,0.0,1.0,0.0,0.0,0.0,0.0,0.0,0.0,1.93,0.0,0.0,0.0,0.0,0.0,0.0,0.0,0.0,0.0,0.0,1.0,0.0,0.0,0.0,0.0,1.0,1.0,569.34,54.0,56.34,54.135009158926735,0.5448700341481204,54.39,83362455.99070586,9.5,10.405259260158935,0.7735144137019102,4.994529321224137,0.06,141.55,DDoS-SynonymousIP_Flood,DDoS
0.0,0.74,1.05,64.0,57.54569090297926,57.54569090297926,0.0,0.0,0.0,0.0,0.0,0.0,0.0,0.0,0.0,0.01,0.0,0.0,0.01,0.0,0.0,0.0,0.0,0.0,0.0,0.0,0.0,0.0,0.0,0.0,1.0,1.0,1.0,441.64,42.0,42.64,42.03284210526317,0.1411973841428703,42.32,83128167.65956625,9.5,9.168790514719682,0.2021052631578947,1.021163434903047,0.02,141.55,DDoS-ICMP_Flood,DDoS
0.0,0.0,47.0,64.0,15.790202050243382,15.790202050243382,0.0,0.0,0.0,0.0,0.0,0.0,0.0,0.0,0.0,0.0,0.0,0.0,0.0,0.0,0.0,0.0,0.0,0.0,0.0,0.0,0.0,0.0,0.0,0.0,0.0,1.0,1.0,6216.0,592.0,592.0,592.0,0.0,592.0,83693969.59355892,9.5,34.409301068170514,0.0,0.0,0.0,141.55,Mirai-greeth_flood,Botnet
0.0,54.0,6.0,64.0,3.119797911083384,3.119797911083384,0.0,1.0,0.0,1.0,0.0,0.0,0.0,0.0,1.0,0.0,1.0,0.0,0.0,0.0,0.0,0.0,0.0,0.0,0.0,0.0,1.0,0.0,0.0,0.0,0.0,1.0,1.0,567.0,54.0,54.0,54.0,0.0,54.0,83348609.18471874,9.5,10.392304845413264,0.0,0.0,0.0,141.55,DDoS-RSTFINFlood,DDoS
4.200919349193573,106.92,5.94,63.36,0.4713271422165351,0.4713271422165351,0.0,0.0,0.0,0.0,0.0,0.0,0.0,0.0,0.0,0.0,0.0,0.0,0.0,0.0,0.0,0.0,0.0,0.0,0.0,0.0,1.0,0.0,0.0,0.0,0.0,1.0,1.0,567.96,54.0,54.96,54.09086437942861,0.2731542160048735,54.06,82946572.3864346,9.5,10.401035956236472,0.3867525233056279,0.4839176472671923,0.16,141.55,DoS-TCP_Flood,DoS
0.0143426489830017,7175.0,17.0,64.0,9912.268902235151,9912.268902235151,0.0,0.0,0.0,0.0,0.0,0.0,0.0,0.0,0.0,0.0,0.0,0.0,0.0,0.0,0.0,0.0,0.0,0.0,0.0,0.0,0.0,1.0,0.0,0.0,0.0,1.0,1.0,525.0,50.0,50.0,50.0,0.0,50.0,83103105.62090477,9.5,10.0,0.0,0.0,0.0,141.55,DDoS-UDP_Flood,DDoS
0.1660028004646301,35602.0,17.0,64.0,9384.7464479154,9384.7464479154,0.0,0.0,0.0,0.0,0.0,0.0,0.0,0.0,0.0,0.0,0.0,0.0,0.0,0.0,0.0,0.0,0.0,0.0,0.0,0.0,0.0,1.0,0.0,0.0,0.0,1.0,1.0,555.0,50.0,80.0,52.199706285716346,7.748115626257431,52.5,83123613.9126766,9.5,10.202604066432585,10.976412135327571,508.4392614828663,0.12,141.55,DDoS-UDP_Flood,DDoS
2.4014171361923218,497850.4,6.0,114.4,175.9372237899172,175.9372237899172,0.0,0.0,0.0,0.0,0.0,1.0,0.0,0.0,0.0,2.0,0.0,16.0,421.5,0.0,1.0,0.0,0.0,0.0,0.0,0.0,1.0,0.0,0.0,0.0,0.0,1.0,1.0,17449.4,1079.6,6292.4,2731.526666666666,1866.116187976946,3106.8,0.0032978057861328,5.5,72.49154642972834,2639.086822000977,5879484.585968254,0.7,38.5,BenignTraffic,Benign
0.0,54.0,6.0,64.0,11.16324823252509,11.16324823252509,0.0,0.0,1.0,0.0,0.0,0.0,0.0,0.0,0.0,1.0,0.0,0.0,0.0,0.0,0.0,0.0,0.0,0.0,0.0,0.0,1.0,0.0,0.0,0.0,0.0,1.0,1.0,567.0,54.0,54.0,54.0,0.0,54.0,82981031.70218891,9.5,10.392304845413264,0.0,0.0,0.0,141.55,DoS-SYN_Flood,DoS
0.0,0.78,1.05,65.71,0.0,0.0,0.0,0.0,0.0,0.0,0.0,0.0,0.0,0.0,0.0,0.0,0.0,0.0,0.01,0.0,0.0,0.0,0.0,0.0,0.0,0.0,0.0,0.0,0.0,0.0,1.0,1.0,1.0,444.24,42.0,45.24,42.20803043241588,0.7910988417675299,42.36,83150690.1220594,9.5,9.187638578321817,1.1215074696781622,7.025522145943428,0.09,141.55,DDoS-ICMP_Flood,DDoS
0.0,0.0,0.97,62.08,26.48111447485139,26.48111447485139,0.0,0.0,0.0,0.0,0.0,0.0,0.0,0.0,0.0,0.0,0.0,0.0,0.0,0.0,0.0,0.0,0.0,0.0,0.0,0.0,0.0,0.0,0.0,0.0,1.0,1.0,1.0,448.2,42.36,45.78,43.12418627657173,1.3021675913211743,42.54,83149492.03019649,9.5,9.28076344586784,1.7878178110617349,9.120629691748912,0.18,141.55,DDoS-ICMP_Flood,DDoS
4.721746637821197,108.06,6.05,65.17,0.5621872810757902,0.5621872810757902,0.0,0.0,0.0,0.0,0.0,0.0,0.0,0.0,0.0,0.01,0.0,0.0,0.02,0.0,0.0,0.0,0.0,0.0,0.0,0.0,1.0,0.0,0.0,0.0,0.0,1.0,1.0,572.01,54.0,59.01,54.319766133376426,1.2200018808795097,54.57,82946397.48687252,9.5,10.422783350550535,1.729657406975872,14.24192390288793,0.16,141.55,DoS-TCP_Flood,DoS
0.0,0.0,1.0,64.0,164.6633165829146,164.6633165829146,0.0,0.0,0.0,0.0,0.0,0.0,0.0,0.0,0.0,0.0,0.0,0.0,0.0,0.0,0.0,0.0,0.0,0.0,0.0,0.0,0.0,0.0,0.0,0.0,1.0,1.0,1.0,441.0,42.0,42.0,42.0,0.0,42.0,83123998.33690867,9.5,9.16515138991168,0.0,0.0,0.0,141.55,DDoS-ICMP_Flood,DDoS
0.0,0.0,1.0,64.0,17.143499103707203,17.143499103707203,0.0,0.0,0.0,0.0,0.0,0.0,0.0,0.0,0.0,0.0,0.0,0.0,0.0,0.0,0.0,0.0,0.0,0.0,0.0,0.0,0.0,0.0,0.0,0.0,1.0,1.0,1.0,441.0,42.0,42.0,42.0,0.0,42.0,83132138.84831451,9.5,9.16515138991168,0.0,0.0,0.0,141.55,DDoS-ICMP_Flood,DDoS
0.0,0.0,47.0,64.0,1.973142462650494,1.973142462650494,0.0,0.0,0.0,0.0,0.0,0.0,0.0,0.0,0.0,0.0,0.0,0.0,0.0,0.0,0.0,0.0,0.0,0.0,0.0,0.0,0.0,0.0,0.0,0.0,0.0,1.0,1.0,6069.0,578.0,578.0,578.0,0.0,578.0,83574185.16887301,9.5,34.0,0.0,0.0,0.0,141.55,Mirai-greip_flood,Botnet
0.0199396204948425,65.32,6.11,65.91,13.516096017001582,13.516096017001582,0.0,0.0,1.0,0.0,0.0,0.0,0.0,0.0,0.0,1.0,0.02,0.0,0.02,0.0,0.0,0.0,0.0,0.0,0.0,0.0,1.0,0.0,0.0,0.0,0.0,1.0,1.0,572.7,54.0,59.7,54.2925,1.2575392025224388,56.85,82980877.70574252,9.5,10.419405550994414,1.8,81.0,0.02,141.55,DoS-SYN_Flood,DoS
